"PolicyNumber";"ProposalNumber";"Proses";"AgentCd";"productCd";"CreatedDate";"TransactionId"
"11834308";"9000001409";TUP;"01005497";U2T;2021-06-30 11:47:05;b76798de-2538-4747-a085-4bf1d024ba33
"13249221";"200277522";TUP;"01005487";U4D;2021-06-29 13:50:43;"81ddc328-57ee-4d1b-aca5-efe53c515aa0"
"13728932";"9700170502";SWI;"01004696";U2Z;2021-06-29 11:42:34;d2af56f7-c7f4-40bc-8967-c052bc61e4f9
"13546031";"9700154435";SWI;"01005591";U2Z;2021-06-28 14:41:25;d9fe1122-bbea-4a01-97bb-ec80a2ff0bf8
"10930616";"200019009";TUP;"01005430";U2L;2021-06-24 12:26:24;d91d0159-3538-46ce-bc76-2d863a5e68bf
"13087775";"9000146777";SWI;"01004696";U2T;2021-06-23 11:27:10;"268d3144-06f2-41a7-81d5-aaf72f63992b"
"12309148";"9000041917";SWI;"01005555";U2Z;2021-06-21 11:06:34;b5ffc6ee-806b-47f8-a87b-b32b6e681a89
"13256818";"9000148380";TUP;"01004479";U4D;2021-06-18 08:57:15;af9432f1-87b1-4e29-b523-5b5a82a9ad52
"13309493";"9000148938";TUP;"01005487";U4K;2021-06-17 14:56:59;e6cc156b-988d-4ba0-98b6-066e262b3c3a
"13309493";"9000148938";TUP;"01005487";U4K;2021-06-17 14:41:41;"1eaa2768-aa84-4dd4-b9a1-6aba7dfc2272"
"13309493";"9000148938";TUP;"01005487";U4K;2021-06-17 14:41:25;"3ef46b44-c6ff-48ec-8b95-efc6923a67d5"
"13309493";"9000148938";TUP;"01005487";U4K;2021-06-17 14:41:03;"831da647-d20e-49d2-a15e-f2738fdd7599"
"13340994";"9700142508";SWI;"01005618";U2N;2021-06-15 11:46:49;"6690fad3-3d00-42ab-81cf-b425d7f3f470"
"13581196";"200300180";TUP;"01005432";U4K;2021-06-15 11:44:13;a83ea54d-b2cb-4eb3-bdbd-1fc7a751336b
"13256818";"9000148380";TUP;"01004479";U4D;2021-06-15 11:19:18;"4fcb1b98-cab1-43f2-a7a3-d020e1bbd06b"
"13006732";"200261787";TUP;"01004479";U4D;2021-06-15 11:15:16;a811d8e5-8d60-46b6-8ba5-8f551c99d582
"13006732";"200261787";TUP;"01004479";U4D;2021-06-15 11:12:01;"1fed636e-f37f-424e-a6dc-94fee396ceb7"
"13328139";"9700140660";SWI;"01005591";U2Z;2021-06-15 09:24:24;"5d08df48-9740-4fb6-85f2-3478078210f3"
"13249584";"9000148213";SWI;"01004479";U4D;2021-06-14 14:23:41;fe4fdc6b-4653-463c-adaf-d7b0d51085a8
"13476569";"9700152770";SWI;"01005591";U2Z;2021-06-14 10:46:17;d6861a09-9ba2-4605-87df-eea2bc6e177c
"13689988";"9700163993";SWI;"01005358";U2Z;2021-06-11 14:10:45;"785f5ba5-f171-4223-9d96-cd80436f9b3d"
"13409930";"9700144402";SWI;"81000312";U2N;2021-06-11 13:55:40;"81cbee41-18c3-4510-8605-b67b3ddfb4ab"
"13386249";"9700143141";TUP;"81000312";U2N;2021-06-10 13:43:46;"73238c84-f6b3-4c70-b67f-2cc33c091d9d"
"13249154";"9000148208";SWI;"01003838";U2Z;2021-06-10 12:33:22;"0bb84500-cbf9-482c-848a-350532ee1fc1"
"13319660";"9700130794";SWI;"01005707";U2Z;2021-06-09 13:06:20;f6de7c8a-85bb-453c-a72a-6f4e27f98905
"12309148";"9000041917";SWI;"01005555";U2Z;2021-06-09 11:23:55;"30b58c50-e6f9-44a6-a893-e67545e518ed"
"13256818";"9000148380";TUP;"01004479";U4D;2021-06-08 13:23:16;a6bce53e-50ed-409f-bc7c-412a987cc6b4
"13290307";"9700131958";TUP;"01005589";U4K;2021-06-07 13:51:54;"6b759574-0ae3-4c35-837c-0e5446ea3d78"
"13309493";"9000148938";TUP;"01005487";U4K;2021-06-04 15:39:19;"2b799c39-ee8e-4aeb-aac9-46412a8b5651"
"13395077";"9700145901";TUP;"01004479";U4K;2021-06-04 15:03:09;"7ad6421a-b7be-453d-bec8-ef6f700f3437"
"13360155";"9700143035";SWI;"01004384";U2N;2021-06-04 12:20:01;b1d57538-b826-4061-b6cd-2d7f0508cb08
"13546031";"9700154435";SWI;"01005591";U2Z;2021-06-04 10:41:22;e835e458-496c-463d-9305-f9bee07f720b
"13372206";"9700146166";SWI;"01004384";U2Z;2021-06-04 09:08:59;fcccfede-2e43-4a05-a7e5-64ce9d01c4b1
"11499230";"200108165";TUP;"01004755";U2V;2021-06-04 09:06:08;ec0e29ff-1c78-41a2-b428-eeeb8d79a184
"11499218";"200108152";TUP;"01004755";U2V;2021-06-04 09:04:41;"8ac00339-69db-4b3d-8cc5-e85fc6199aaf"
"13305907";"200284719";SWI;"01003879";U4K;2021-06-03 12:06:34;"60aa9101-9dab-4ea1-8315-f2e2c1b490dc"
"13267748";"9000148554";SWI;"01003879";U4D;2021-06-03 12:04:57;"2fe7aaad-0cb2-49ed-87a8-963ce1a62a17"
"13249584";"9000148213";SWI;"01003879";U4D;2021-06-03 12:02:53;"641c029a-be9f-4d4e-8a1c-d89290b9510c"
"13407165";"9700146172";SWI;"01004384";U2N;2021-06-03 11:46:36;c6f50b13-11d6-42db-8c30-f48b7a33016f
"13422031";"9700150585";SWI;"01005591";U2Z;2021-06-03 11:24:04;"9b802685-6c68-4b01-92a8-b2eaf3aaafc1"
"13333915";"9700141814";SWI;"01005618";U2N;2021-06-03 11:01:51;acc98bde-fa6e-4126-ae91-caef7cfe1a41
"13466834";"9700152161";SWI;"01005591";U2Z;2021-06-03 10:56:53;"6537b35d-9bac-48c7-bfdb-15f83bcf5afa"
"12309148";"9000041917";SWI;"01005555";U2Z;2021-06-03 10:11:24;"128e70d4-141a-4370-8869-c49be711c156"
"13665941";"9700155730";SWI;"01004384";U2N;2021-06-03 09:43:16;d56fe54e-1a83-48c0-a5ee-06aaacd86c8d
"13415316";"9700145223";SWI;"01004384";U2Z;2021-06-03 09:01:11;"27f5e6e2-92a0-4f4a-8282-f51e907d8a25"
"13327588";"9700128951";SWI;"01004384";U2N;2021-06-02 11:48:17;"217413a2-fe63-47fa-bf9e-e8c11be261d5"
"13690806";"200300298";TUP;"01004755";U4K;2021-06-02 09:40:22;"90802503-cd6c-459e-a700-10c95b8d97bb"
"13249221";"200277522";TUP;"01005487";U4D;2021-05-31 12:08:11;"771c6714-114b-4564-885e-2b36438345e5"
"12055727";"9000011288";TUP;"01003838";U2Z;2021-05-28 12:56:18;"1e3ef2fb-07c5-49e1-b683-8997e523bb0d"
"13253079";"200277537";TUP;"01004479";U4D;2021-05-28 12:53:46;"1ea501e9-603a-4d3e-a0d4-897a4938430e"
"13254628";"200277538";TUP;"01004479";U4D;2021-05-28 09:43:41;e3c11e2a-44e6-4d57-9aee-569feb0f992f
"13528058";"200284690";TUP;"01005487";U4K;2021-05-27 12:00:38;"9e77d394-840e-4fbf-a365-e92531c83f59"
"13367384";"200289811";TUP;"01004755";U4K;2021-05-27 11:17:29;"321935ac-c9b6-46e4-bbda-120daca0e78c"
"13367373";"200289829";TUP;"01004755";U4K;2021-05-27 11:16:10;"097e4e9b-2a77-43b1-99a4-0a89e6627203"
"13367366";"200289812";TUP;"01004755";U4K;2021-05-27 11:14:26;"73a769fb-81cf-4779-86a5-8c4646d3211d"
"13367299";"200289830";TUP;"01004755";U4K;2021-05-27 11:13:01;"3a4f88b4-3e9f-440f-bcd0-ef89b531ed11"
"13674715";"9700164654";TUP;"01005487";U4K;2021-05-25 14:28:12;ad4eb12e-3a73-43fb-bdd8-8894f1ebe158
"13606114";"9700153868";TUP;"01005681";U2N;2021-05-25 13:00:55;"7a7ee02d-8600-42f8-8e86-914728c68f8a"
"53971811";"58572195";SWI;"01005528";U2K;2021-05-21 13:16:43;"945c5d54-466b-4d34-8e6f-b075eb9e742e"
"13666905";"9700159069";TUP;"01004479";U4K;2021-05-20 10:15:51;e1c3194f-f447-44a4-9bf9-ffc24b03bb85
"13367384";"200289811";TUP;"01004755";U4K;2021-05-19 13:25:42;"627eb048-fccb-4902-b9c9-c31b320d962b"
"13367373";"200289829";TUP;"01004755";U4K;2021-05-19 13:23:13;a35692d3-11df-4621-87b9-a8e8d1e8116c
"13367366";"200289812";TUP;"01004755";U4K;2021-05-19 13:20:06;dbc8264c-f4ee-49e3-a509-3ca939050e09
"13367299";"200289830";TUP;"01004755";U4K;2021-05-19 13:16:51;ecfbbe5a-c8ed-4740-bceb-66284566ee7e
"13671366";"200300269";TUP;"01004755";U4K;2021-05-19 12:48:39;"5156406e-40de-460c-8be7-7a01ea9cf5f4"
"12309148";"9000041917";SWI;"01005555";U2Z;2021-05-19 12:22:49;cac4e902-96b4-48e5-bbbf-94902c36dd84
"13606114";"9700153868";TUP;"01005681";U2N;2021-05-19 09:18:09;"7457752f-588e-4942-a699-7326de2f218a"
"13671366";"200300269";TUP;"01004755";U4K;2021-05-18 12:07:14;"7d6abef1-fbb9-4172-a6b9-bb0a57ac9109"
"13317998";"9000148981";TUP;"01004755";U4K;2021-05-17 12:06:41;"7001b8c2-9bb7-46b6-9f25-e88f6c5e7e76"
"13255189";"9000148368";TUP;"01004324";U4K;2021-05-17 12:01:49;b147afac-e011-44f0-95b6-3d0baf27a3ad
"12934520";"9000145626";SWI;"01003666";U2Z;2021-05-07 10:34:21;b7026f0f-701f-4b6b-a474-0daafe35fa0d
"13224862";"200277532";TUP;"01005487";U4D;2021-05-07 10:11:08;"73bd3163-c9bc-4cc1-b895-26070bf59da7"
"13349728";"9700131651";TUP;"01004479";U4K;2021-05-06 14:39:18;c13569de-83a4-460e-9b5d-92c710610336
"13391746";"9700145316";SWI;"01005591";U2Z;2021-05-05 11:35:27;be614bf2-2e56-4551-9554-4b4252f20658
"13632564";"9700153865";SWI;"01005444";U2Z;2021-05-04 11:10:27;f70ea0a1-6ff6-4175-81a6-262e52ad97ae
"12839493";"9000144538";TUP;"01003838";U2Z;2021-05-03 12:11:40;d3e20283-ffed-4127-a1da-b391ec5a8aca
"11619968";"200153868";TUP;"01005487";U2V;2021-04-30 12:50:50;"32560a11-fa58-4218-81a2-e536be81b89b"
"13290498";"9700131793";TUP;"01005487";U4K;2021-04-29 13:13:41;aa45ca0f-97e8-40fd-b12c-17f7c9c9f4ec
"12309148";"9000041917";SWI;"01005555";U2Z;2021-04-21 13:31:51;"0b87ec3c-6a24-4368-96cc-85a6a681cd94"
"13054011";"9000146433";SWI;"01005438";U2V;2021-04-20 13:14:11;"5eb57cdd-9716-4205-b4f3-5bd612df9c2e"
"13211298";"9000147906";SWI;"01005438";U4D;2021-04-20 13:10:11;"614bd4db-7ea3-4076-bced-45111989048b"
"13571942";"9700141827";SWI;"01004696";U2Z;2021-04-20 10:41:09;"19176242-d34f-4d7b-a4a1-8d2289ef3c55"
"12309148";"9000041917";SWI;"01005555";U2Z;2021-04-15 13:46:49;dd21fce4-619b-4586-a25e-25aa1d121da7
"13571942";"9700141827";SWI;"01004696";U2Z;2021-04-14 11:20:35;eae114b4-9b09-44f0-ba41-b4a9503dc843
"13233615";"200277534";SWI;"01004479";U4D;2021-04-13 13:32:20;"710ff290-dfe3-49df-a29b-57868751e3ab"
"13396725";"9700140512";SWI;"01005612";U2Z;2021-04-13 13:02:54;eba61f42-17cd-45ed-8967-24f4bf8c1f16
"13546204";"9700154629";SWI;"01005591";U2Z;2021-04-13 11:00:48;"2aa47167-3bb8-4fc4-b909-03cbd123d883"
"13632564";"9700153865";SWI;"01005444";U2Z;2021-04-13 09:51:33;"66e965a3-20c1-4a73-b4e1-06619e9f11b7"
"13409859";"9700149651";SWI;"01005591";U2Z;2021-04-12 15:31:45;"0a22d3ae-590d-4105-9a11-f5c4e19b27a8"
"13658464";"9700159914";SWI;"01005591";U2Z;2021-04-12 14:30:28;"9e9901cd-c9e9-42cf-bef7-1ec1659c6dd4"
"13546031";"9700154435";SWI;"01005591";U2Z;2021-04-12 14:20:52;"259b1537-c1e3-4a83-8c9c-c4fbf460ce51"
"12525587";"9000111580";TUP;"01003838";U2T;2021-04-09 13:32:54;a734f976-8802-4aeb-8e12-2c1a43e80020
"12525587";"9000111580";TUP;"01003838";U2T;2021-04-09 13:32:37;ec5daa0f-3875-4a58-94a8-d0282096a263
"13482385";"9700152234";TUP;"01005612";U2Z;2021-04-08 14:12:11;"01b0abc6-b725-41ba-9eac-42250df5151f"
"13545624";"9700154249";TUP;"81000312";U2N;2021-04-06 12:55:48;"4ec186c9-6791-4fbe-9119-12dc3de435ac"
"13428516";"9700128485";SWI;"01005408";U4D;2021-04-06 11:20:04;"3227e372-49b0-46e5-b777-52da90e5bfaa"
"13428402";"9700128484";SWI;"01005408";U4D;2021-04-06 11:17:02;"446c5020-7be4-4d4b-bf56-df54ae6357d3"
"13466834";"9700152161";SWI;"01005591";U2Z;2021-04-05 10:16:02;"20a5faac-22da-4699-8342-4cf42d3d5b92"
"13634163";"9700157376";TUP;"81000312";U2N;2021-04-01 13:55:54;f908de96-2ad7-4a3b-89d1-5fefbc3765bc
"11805652";"200207044";TUP;"01003838";U2Z;2021-04-01 13:07:08;"6c4b8c2f-7600-4d28-83a0-51bf3bf8e156"
"12850616";"9000144751";SWI;"01005480";U2Z;2021-04-01 09:49:35;"13e46acb-c20e-49aa-9e8e-91791beff3ed"
"13634163";"9700157376";SWI;"81000312";U2N;2021-03-31 14:57:51;"0d2d6116-71f4-44c1-940a-23303aedeac5"
"12092416";"9000014201";SWI;"01003838";U2Z;2021-03-31 11:45:48;f30b796b-d8e2-4e0d-babb-ec61d5ece411
"13268818";"9000148579";TUP;"01005487";U4K;2021-03-29 14:54:28;"4a53e1dc-bad2-4ba6-a445-673484103e10"
"13268818";"9000148579";TUP;"01005487";U4K;2021-03-29 14:53:05;b2bf3116-d221-4581-8917-e5cca9c92d7c
"13268818";"9000148579";TUP;"01005487";U4K;2021-03-29 14:51:50;a94727e8-2fbe-45aa-bd23-752da2863df0
"13186035";"200247974";SWI;"01004479";U2V;2021-03-29 14:02:54;b2161982-e268-45d3-bf35-ac7b89fdca27
"13186035";"200247974";SWI;"01004479";U2V;2021-03-29 14:02:44;"920faee7-2e36-4eeb-b136-26ffe5f72725"
"13186035";"200247974";SWI;"01004479";U2V;2021-03-29 14:02:01;"2c8896b4-41dc-4091-a4d3-37a0beb20e51"
"13186035";"200247974";SWI;"01004479";U2V;2021-03-29 14:01:52;"3383930e-fc83-4b8e-95e9-56d5f7e38846"
"13305907";"200284719";TUP;"01004479";U4K;2021-03-29 11:54:36;"46b5a6a9-65c2-4c5a-b291-cfb6e0ed9fe0"
"13585396";"9700153189";TUP;"01004479";U4K;2021-03-26 12:26:24;"7733442e-9221-40d5-a49b-7f33b24b13cd"
"13407165";"9700146172";SWI;"01004384";U2N;2021-03-26 10:10:12;ec14d742-339f-46c1-ae69-f13bb57e9b18
"13333915";"9700141814";SWI;"01005618";U2N;2021-03-25 11:26:51;"2ab21f6b-8444-4b38-9fc4-26ab0f52ff76"
"13559418";"9700137947";SWI;"01004696";U2Z;2021-03-24 11:52:12;eeffbf8a-548e-4e87-a560-07dafe591b44
"13266801";"9000148533";TUP;"01004479";U4K;2021-03-23 11:00:35;"88877bbf-bdf4-42e9-91ff-588998b62bce"
"13414285";"9700141130";SWI;"81000312";U2N;2021-03-18 14:19:42;d7e709f8-0f80-48e1-9022-38783a5ce791
"13321821";"9700127625";TUP;"01004479";U4K;2021-03-18 13:29:41;"47587c1e-3e90-489d-95f8-31e2617e54df"
"13585435";"9700153190";TUP;"01004479";U4K;2021-03-15 08:58:41;"5cd66798-70c6-4260-99e9-ec9c805ad25a"
"12578542";"9000131732";SWI;"81000312";U2Z;2021-03-12 15:57:47;ef49c9fb-bd11-4b68-8f0f-cc00f21d746a
"13403265";"9700137245";SWI;"81000312";U2Z;2021-03-12 15:46:02;"3a016d77-5b65-4658-94b0-3025e57094a4"
"12248558";"9000031466";SWI;"81000312";U2T;2021-03-12 15:20:15;"136c7a95-0d05-46be-9cf8-f543b1a245c9"
"13358170";"9700137241";SWI;"81000312";U2N;2021-03-12 15:13:15;"82beaffd-e310-45de-b6ca-fa094cba175c"
"13396723";"9700137244";SWI;"81000312";U2N;2021-03-12 15:02:17;ec2bca58-127b-4977-ac64-a24d52545aa9
"12482998";"9000094302";SWI;"01005528";U2Z;2021-03-12 15:01:25;e65c3a41-3dfd-4588-bd3f-dec1b289cf12
"12195067";"200205580";SWI;"01005528";U2T;2021-03-12 14:43:32;baec125c-30be-472c-b81b-bedb1960b894
"13595461";"9700128142";SWI;"01004384";U2N;2021-03-12 14:31:09;"42c70936-cd70-461b-93ef-5e5742522920"
"13602467";"9700157361";SWI;"81000312";U2N;2021-03-12 14:05:01;"7d36c9a6-e4a5-4d09-936a-d71f1f5b4e6a"
"13328450";"9700137238";SWI;"81000312";U2Z;2021-03-12 13:57:28;cc678954-77d6-435f-a576-919149b7637b
"13348321";"9700137240";SWI;"81000312";U2N;2021-03-12 13:52:31;"798ec763-a54c-4f3c-82ab-46127f5d1382"
"13323661";"9700137237";SWI;"81000312";U2N;2021-03-12 13:48:22;"6430db81-94e0-4864-91f1-0c8e10ce9628"
"13593717";"9700150929";TUP;"01005430";U4D;2021-03-12 13:37:16;bd0b934b-311d-4fcc-8d1c-0fdd3668fb57
"13087775";"9000146777";SWI;"01004696";U2T;2021-03-10 11:20:26;"609d5ad7-b05a-437f-807f-edc5691f3519"
"12816852";"9000144263";SWI;"01005694";U2T;2021-03-05 04:52:16;c1a92378-e1ad-4e41-8053-062beeb2a122
"12616144";"9000139714";SWI;"01004479";U2V;2021-03-04 05:45:00;a1dc8fb9-9c3a-4c8d-825a-791060eb9155
"11689525";"200173389";SWI;"01005358";U2Z;2021-03-04 03:05:34;e4729ccb-5eb4-4fb2-a2c3-b0b8afe931ae
"13353602";"9700142525";SWI;"01004384";U2N;2021-03-03 02:24:34;d782244e-cb26-457c-96e6-ab60419feabb
"12850616";"9000144751";SWI;"01005480";U2Z;2021-03-03 01:26:39;c8966a19-2131-4991-bbbb-654d69f4148a
"13592717";"9700149503";SWI;"01004696";U2Z;2021-03-01 06:38:49;"8dd16f01-176c-46f6-84e1-8ed8a1298e51"
"13589504";"9700157013";TUP;"81000312";U2N;2021-03-01 04:50:35;"9b101a62-9b97-4248-943c-b83f3b06cda6"
"13589504";"9700157013";TUP;"81000312";U2N;2021-03-01 03:03:12;"6be156ce-b747-4fb3-8b9b-20b8c13bce81"
"13589504";"9700157013";TUP;"81000312";U2N;2021-03-01 02:36:27;"8c7b56be-9136-44ff-b5c5-9228931cb53d"
"13589504";"9700157013";TUP;"81000312";U2N;2021-03-01 02:32:02;cb03a6ac-01bd-4e14-bb7f-560343bd0f07
"13589504";"9700157013";TUP;"81000312";U2N;2021-03-01 02:28:00;"5c9e080d-fc27-47f0-9f7d-bcc390ac4a2e"
"13589504";"9700157013";TUP;"81000312";U2N;2021-03-01 02:26:02;"048be5ee-440e-4db8-aa87-0c9a869b7062"
"13589504";"9700157013";TUP;"81000312";U2N;2021-03-01 02:25:23;"465a53cf-9f15-4b5a-adfe-1e144b81429b"
"13589504";"9700157013";TUP;"81000312";U2N;2021-03-01 02:24:54;c3b369ce-fca0-489a-80a2-bd0cc39f4c4a
"13589504";"9700157013";TUP;"81000312";U2N;2021-03-01 02:23:55;ce2220ea-e59c-47ad-9aaf-c596a7891149
"13589504";"9700157013";TUP;"81000312";U2N;2021-03-01 02:23:14;c7f75a01-8ce6-43da-9d71-89d7909a4fe2
"13589504";"9700157013";TUP;"81000312";U2N;2021-03-01 02:22:25;"59eb33c0-639b-4400-bd36-bdd9c60ad810"
"13589504";"9700157013";TUP;"81000312";U2N;2021-03-01 02:21:30;"980b9677-7b3b-4fbf-903d-fef0fafbc815"
"13589504";"9700157013";TUP;"81000312";U2N;2021-03-01 02:21:02;"69b697c8-407f-46f3-8312-f2bb40c9c8b5"
"12266846";"9000034224";TUP;"01003838";U2Z;2021-02-26 06:42:27;"07dcc269-29f9-422f-b0ce-43da7756a10e"
"13017377";"9000146100";SWI;"01003838";U2Z;2021-02-26 06:25:22;"4c4456db-f5f5-4015-b9af-33bd0e81551d"
"13333915";"9700141814";SWI;"01005618";U2N;2021-02-26 03:44:24;"9897446d-5426-4b32-b1f4-c7a88719a3b0"
"13498519";"9700153471";TUP;"81000312";U2N;2021-02-25 03:52:20;bb8b457b-c297-4ffd-89e2-dd7575dc5d3c
"13340136";"9700127628";TUP;"81000312";U2N;2021-02-25 03:44:28;c3342289-6a9b-4047-af8c-385d1783838d
"13273093";"9000148629";SWI;"01004384";U2N;2021-02-23 05:46:00;"04d131fe-6641-4746-9175-9ead4f65d953"
"13342585";"9700139766";SWI;"01005528";U2N;2021-02-22 10:52:57;"1c9f450a-cb62-4755-802c-4daa7b83e6f4"
"13407733";"9700145992";SWI;"01005680";U2N;2021-02-22 10:50:48;"0e994665-db48-4124-a162-caf7e422c728"
"12939803";"9000145666";SWI;"01005680";U2N;2021-02-22 10:00:25;d7d67974-3be5-4b5c-95a3-e9687939b42b
"11811379";"200206947";SWI;"01005680";U2Z;2021-02-22 09:54:59;"689e3d39-2cc3-436c-a5ae-9088a98154ec"
"13342585";"9700139766";SWI;"01005528";U2N;2021-02-22 08:35:20;"8cb3f1d8-0676-4b5f-8fdf-5165aa02c83f"
"13407733";"9700145992";SWI;"01005680";U2N;2021-02-22 07:43:54;"101c5955-f905-4628-b508-8b58adedbb24"
"11811379";"200206947";SWI;"01005680";U2Z;2021-02-22 07:39:41;f0a7a1cc-3d9e-4134-b422-7e623f094c68
"12939803";"9000145666";SWI;"01005680";U2N;2021-02-22 07:28:26;bc5069c3-4399-4de7-9931-d39b663b6ea9
"12324297";"9000044624";TUP;"01003838";U2Z;2021-02-05 06:27:12;c95254ae-e96b-4103-b36a-5cf7a6788f77
"12578542";"9000131732";TUP;"81000312";U2Z;2021-02-04 06:51:21;"7ea77375-3a4b-4526-b08a-155b03ec5a48"
"13571942";"9700141827";SWI;"01004696";U2Z;2021-02-04 06:39:31;"0ec7cd3c-f506-4300-bc8c-2427c4991152"
"13333915";"9700141814";SWI;"01005618";U2N;2021-02-02 05:17:26;"3ac7a4c9-253d-4b66-95dd-1214b053046a"
"13558484";"9700150481";SWI;"01005562";U2N;2021-02-01 07:58:19;"69b9b305-1300-4df7-82c4-5e4ceabd0601"
"13558484";"9700150481";SWI;"01005562";U2N;2021-02-01 05:32:16;"9cd3bcfe-9b6d-408e-9b64-3bc9f3e6de77"
"13333915";"9700141814";SWI;"01005618";U2N;2021-02-01 04:06:04;aab4236a-0c90-4b4c-8501-664b936d08e1
"13283509";"9000148819";SWI;"01003970";U2Z;2021-01-28 05:44:58;"475b4e4f-4bf6-4157-aa15-5ac71f84ece9"
"13185197";"9000147520";SWI;"01003970";U2Z;2021-01-28 05:39:56;"85b0b1a2-f0e0-40b8-bf41-f60e8ebfb0a2"
"13267034";"9000148542";SWI;"01003970";U2Z;2021-01-28 05:23:05;"6fdff2b2-17a3-464f-8803-6dbf70917c7d"
"13248697";"200277525";SWI;"01004479";U4D;2021-01-28 05:22:06;"010a2c7c-d790-42a6-84cf-765f5f4f36d1"
"13279488";"9700127618";SWI;"01004479";U2V;2021-01-28 05:18:29;a257cb96-04aa-4c19-8ba7-ace121b2b183
"13279799";"200247691";SWI;"01004479";U2V;2021-01-28 05:14:35;"51e7d063-8f8f-4f5d-bd05-fbb1f3c6319e"
"13363239";"9700144659";SWI;"01004479";U2V;2021-01-28 05:04:58;"8431cabc-00eb-4e8b-8cdd-1bc247d89534"
"12928300";"9000145591";SWI;"01004479";U2V;2021-01-28 04:54:41;"89aff05e-463f-451c-83e5-1818afbbbc04"
"12928311";"9000145590";SWI;"01004479";U2V;2021-01-28 04:46:00;"83a92ccf-99eb-462a-ae30-ddfab8813509"
"12929136";"9000145592";SWI;"01004479";U2V;2021-01-28 04:44:17;"64df8794-1ff3-474b-9d3c-0459588fcbdc"
"13228905";"9000148082";SWI;"01004479";U4D;2021-01-28 04:41:51;"35604748-5037-4589-a17a-aeaa8de35fda"
"13246376";"9000148179";SWI;"01004479";U4D;2021-01-28 04:40:14;"8c25d581-4ca0-496e-bec8-51c7304790f2"
"13276639";"9700131117";SWI;"01004479";U2V;2021-01-27 02:13:47;"435e35c3-4540-4d99-b3ee-be979ddd169a"
"12120288";"9000016237";SWI;"01005612";U2Z;2021-01-26 06:47:32;c5a5325c-a9b1-4e92-86d5-c290dadc716e
"13386253";"9700136857";SWI;"01005612";U2Z;2021-01-26 06:36:09;"90e94412-1df6-4144-98b7-fbdb9fd4dd18"
"12092416";"9000014201";SWI;"01003838";U2Z;2021-01-26 04:38:37;"93655d9b-83a0-481c-8869-a37d2d3d868b"
"13407046";"9700145501";TUP;"81000312";U2Z;2021-01-25 08:52:08;"8f8050fd-6f19-4194-8ef0-89baf1f33070"
"13333915";"9700141814";TUP;"01005618";U2N;2021-01-22 04:19:44;ec05a6f3-9902-4b5a-beba-beca2d3abb83
"13343020";"9700142518";SWI;"01004384";U2N;2021-01-21 08:34:10;"3d4c8411-076a-41ee-898c-2e82683049d0"
"12510812";"9000105655";SWI;"01003838";U2Z;2021-01-15 04:09:58;cb8436a9-d9ce-4b73-85c7-d89499c36005
"13412434";"9700144594";SWI;"01004384";U2N;2021-01-14 07:59:36;b588be97-9cef-4063-9102-b2badab180b4
"13343046";"9700142517";SWI;"01004384";U2N;2021-01-13 07:43:07;d2c54c4b-aed5-4069-b1b7-db65e10b181d
"13333915";"9700141814";SWI;"01005618";U2N;2021-01-13 01:56:31;da92c177-d4ad-4644-b544-cc40246cddb0
"13322668";"9700131991";SWI;"01005612";U2Z;2021-01-12 06:54:11;"8b6c62d3-cfe4-47c9-8ecb-377b14087b18"
"13336247";"9700130391";SWI;"01005687";U2Z;2021-01-12 04:03:35;a2183748-8c1a-4c08-b548-ca9e60e07e92
"13413152";"9700144670";SWI;"01005612";U2Z;2021-01-12 03:46:35;"35355a54-fb86-4d78-b7b3-0bcf2b1bd9e5"
"13311788";"9700131990";SWI;"01005612";U2Z;2021-01-12 03:37:15;c5c11762-7cef-4762-a447-0bc7e3ff6aa0
"13328912";"9700127969";SWI;"01005687";U2Z;2021-01-12 03:29:03;"7f9b8c13-fa6b-4828-93fd-259f8fd1c362"
"13333915";"9700141814";SWI;"01005618";U2N;2021-01-12 03:28:59;acedf92e-0e12-4e5e-96a9-da648f10653b
"13322674";"9700131992";SWI;"01005612";U2Z;2021-01-12 03:24:18;"464c7e3c-af05-433d-9862-acc8ce946bf1"
"13322668";"9700131991";SWI;"01005612";U2Z;2021-01-12 03:19:58;"850d2c72-287d-47d8-aefc-6a45d9c5a51a"
"13390542";"9700140157";SWI;"01005612";U2Z;2021-01-08 03:38:35;"6355c263-256a-4c22-8ca2-8b10ea948ad6"
"12092416";"9000014201";SWI;"01003838";U2Z;2021-01-05 05:08:30;"624a75c9-0d52-469b-818c-17be6c46423c"
"13415316";"9700145223";TUP;"01004384";U2Z;2021-01-05 03:59:52;"70dacd3d-7bd3-4cf8-84e3-7631d662ca05"
"12787394";"9000144119";SWI;"01004384";U2Z;2020-12-23 05:49:12;"7a9db3b0-e1e4-4885-9fb9-3e3705e87da0"
"13128718";"9000147185";SWI;"81000550";U2Z;2020-12-23 04:36:25;"4da37d01-93ed-458c-83d7-29ec230c81fa"
"13324749";"9700131993";SWI;"01005612";U2Z;2020-12-23 04:24:22;d2dc3b0c-604e-4f4e-b9ea-715f4f3bd1f0
"13075631";"9000146636";SWI;"01004696";U2Z;2020-12-23 04:15:42;"236e18c7-ace5-4b41-bf0a-86f72ee901ef"
"13162068";"9000147384";SWI;"01004696";U2Z;2020-12-23 03:25:00;df849535-7147-49bc-9829-65ac2cf3ff93
"12865023";"9000144915";SWI;"01004381";U2T;2020-12-22 02:34:07;dbe67f69-5590-4e45-a51e-299443f7cb2c
"12865023";"9000144915";SWI;"01004381";U2T;2020-12-21 07:35:59;"2a22b84d-01df-4d30-98ee-37255e634724"
"12865023";"9000144915";SWI;"01004381";U2T;2020-12-21 07:35:41;"11a2be6f-e908-4398-bfdc-ca3c303f8929"
"12865023";"9000144915";SWI;"01004381";U2T;2020-12-21 07:35:19;e6091d45-466c-4c07-b5e7-06d675fd791a
"12865023";"9000144915";SWI;"01004381";U2T;2020-12-21 06:00:11;baeff9ea-76cf-46a6-9c37-461ce28ae272
"12865023";"9000144915";SWI;"01004381";U2T;2020-12-21 05:59:44;bfd443e1-b13c-4766-866a-ec5961925e87
"12865023";"9000144915";SWI;"01004381";U2T;2020-12-21 05:59:15;cf9a1689-cc47-4230-96df-44b5e47bbe8b
"12865023";"9000144915";SWI;"01004381";U2T;2020-12-21 05:58:43;d83e05be-59ee-4278-a151-25fa67e31a13
"12865023";"9000144915";SWI;"01004381";U2T;2020-12-21 05:58:01;"36a04673-ac85-4728-b9d0-9a4b4ab498dc"
"12865023";"9000144915";SWI;"01004381";U2T;2020-12-21 05:57:36;"268c2203-566b-49ab-af24-5784fbf92e73"
"12865023";"9000144915";SWI;"01004381";U2T;2020-12-21 05:57:11;"38d98027-3f96-4ed9-b851-b381d587a200"
"12865023";"9000144915";SWI;"01004381";U2T;2020-12-21 05:56:49;"1fcc5327-402c-436b-8845-df31d5fdeb67"
"12865023";"9000144915";SWI;"01004381";U2T;2020-12-21 05:56:22;bc2ff023-0b60-441a-89b8-3ea8f5ab8261
"12865023";"9000144915";SWI;"01004381";U2T;2020-12-21 05:54:42;"331ac673-2f10-4531-a455-07711dfbce0e"
"12865023";"9000144915";SWI;"01004381";U2T;2020-12-21 05:51:16;a16799a2-252a-4d92-806e-f2799e92dd43
"12865023";"9000144915";SWI;"01004381";U2T;2020-12-21 05:48:16;"29031608-98cc-44ae-b304-420715d4cba7"
"12865023";"9000144915";SWI;"01004381";U2T;2020-12-21 05:47:35;c8a60bca-f0fc-4e2f-8ba5-999c2f3c175c
"12865023";"9000144915";SWI;"01004381";U2T;2020-12-21 05:47:06;"8492b5be-6baa-46bb-a87b-5acdb3affb29"
"12865023";"9000144915";SWI;"01004381";U2T;2020-12-21 03:13:17;c2d58620-b2d9-4f13-a3fc-b5405d33df7d
"12865023";"9000144915";SWI;"01004381";U2T;2020-12-21 03:08:23;"34bf6fdd-7b7c-456f-b07b-17fa399b13cc"
"12865023";"9000144915";SWI;"01004381";U2T;2020-12-21 03:06:19;"0a58c907-f489-41e1-bfd8-e7da00d9add4"
"12865023";"9000144915";SWI;"01004381";U2T;2020-12-21 03:03:44;"184131dc-37ab-41ef-a848-1c628d6a84bd"
"12865023";"9000144915";SWI;"01004381";U2T;2020-12-21 03:02:22;dc4930a8-746a-4319-b630-66f21a966ef6
"12865023";"9000144915";SWI;"01004381";U2T;2020-12-21 03:00:28;"85ef7dfd-fa8f-462b-9381-1fc19a634f0f"
"12865023";"9000144915";SWI;"01004381";U2T;2020-12-21 02:59:48;"39136715-5233-4bf4-a008-1157989371d8"
"13430922";"9700145431";SWI;"01004384";U2N;2020-12-18 04:47:31;"91947af6-3594-4120-b4ad-f22d1d09a31d"
"12865023";"9000144915";SWI;"01004381";U2T;2020-12-18 04:44:08;f429f4d6-e3e8-428e-b9e8-8c2b1a137bf4
"13423091";"9700128140";SWI;"01004384";U2N;2020-12-18 04:35:12;d9e98bec-791a-47f9-a7e6-0957e09e622c
"13305907";"200284719";SWI;"01004479";U4K;2020-12-18 04:31:32;"3060c609-78ce-4242-ad0c-2f52f4c45ffc"
"13267748";"9000148554";SWI;"01004479";U4D;2020-12-18 04:25:15;eeb85db4-60b8-491c-80d0-c852dc6a22b3
"13249584";"9000148213";SWI;"01004479";U4D;2020-12-18 04:15:48;"514367ab-7c11-4fa6-a737-584e54732ad6"
"13201500";"9000147748";SWI;"01004479";U2V;2020-12-18 04:11:38;"7227197f-a22f-4962-952e-3525f18aebff"
"12326251";"9000045082";SWI;"01004479";U2V;2020-12-18 04:05:51;"188a54d6-c739-4660-90ee-ebdbfd56bc4e"
"11518658";"200108943";SWI;"01004479";U2V;2020-12-18 03:26:19;"482d46f9-6532-4fd8-b2f2-f0ab2354980b"
"11516375";"200108944";SWI;"01004479";U2V;2020-12-18 03:20:25;"311dcaad-5515-42c1-86ca-d7207657b9c2"
"13369797";"200289727";TUP;"01004479";U4K;2020-12-17 05:32:16;"359fa4e4-00eb-423b-ba15-7413dd3d8550"
"13273093";"9000148629";SWI;"01004384";U2N;2020-12-17 03:51:50;"9f47ab5e-72e0-4260-be6a-3527a6a8441f"
"13322810";"9700128949";SWI;"01004384";U2N;2020-12-17 03:41:40;"57e66da7-c330-424d-8269-23ff0d42254a"
